[Header],,,,,,,,,,,
IEMFileVersion,4,,,,,,,,,,
Date,2019-06-07 08:32:36+00:00,,,,,,,,,,
,,,,,,,,,,,
[Reads],,,,,,,,,,,
,,,,,,,,,,,
,,,,,,,,,,,
[Settings],,,,,,,,,,,
,,,,,,,,,,,
[Data],,,,,,,,,,,
Lane,Sample_ID,Sample_Name,Sample_Plate,Sample_Well,I7_Index_ID,index,I5_Index_ID,index2,Sample_Project,Description,Container_Label
,CtrlH3K27acChIP-Seq2_S189_R1_001.fastq.gz,CtrlH3K27acChIP-Seq2_S189_R1_001.fastq.gz,,,UDI0073,CAATTAAC,UDI0073,CGAGATAT,prova_chip_seq,,
,CtrlH3K27acChIP-Seq2_S189_R2_001.fastq.gz,CtrlH3K27acChIP-Seq2_S189_R2_001.fastq.gz,,,UDI0073,CAATTAAC,UDI0073,CGAGATAT,prova_chip_seq,,
,InputCtrlChIP-Seqs_S182_R1_001.fastq.gz,InputCtrlChIP-Seqs_S182_R1_001.fastq.gz,,,UDI0073,CAATTAAC,UDI0073,CGAGATAT,prova_chip_seq,,
,InputCtrlChIP-Seqs_S182_R2_001.fastq.gz,InputCtrlChIP-Seqs_S182_R2_001.fastq.gz,,,UDI0073,CAATTAAC,UDI0073,CGAGATAT,prova_chip_seq,,